epoch,time,train/box_loss,train/cls_loss,train/dfl_loss,metrics/precision(B),metrics/recall(B),metrics/mAP50(B),metrics/mAP50-95(B),val/box_loss,val/cls_loss,val/dfl_loss,lr/pg0,lr/pg1,lr/pg2
1,110.113,3.78062,8.19756,0.0667,0,0,0,0,3.92426,3.98726,0.08848,0.000136794,0.000136794,0.000136794
2,142.717,3.66001,7.57103,0.06268,0,0,0,0,3.91955,4.00061,0.08933,0.000275248,0.000275248,0.000275248
3,175.912,3.68196,7.28693,0.06372,0.00059,0.01064,0.00033,8e-05,3.75743,4.07356,0.09092,0.000413151,0.000413151,0.000413151
4,212.014,3.52297,6.83174,0.06247,0.00084,0.06241,0.00061,0.00014,3.4168,4.05447,0.08729,0.000414523,0.000414523,0.000414523
5,248.214,3.32154,6.12071,0.05752,0.00115,0.03728,0.0008,0.00016,3.40241,3.99388,0.08439,0.000413697,0.000413697,0.000413697
6,284.953,3.14997,5.66067,0.05594,0.001,0.0539,0.00078,0.00018,3.25638,3.95293,0.08171,0.000412872,0.000412872,0.000412872
7,321.91,3.01575,5.30019,0.0535,0.00854,0.07941,0.00482,0.001,3.10625,4.10508,0.07895,0.000412046,0.000412046,0.000412046
8,359.489,2.89946,5.03497,0.05085,0.00251,0.13241,0.00251,0.00056,2.88144,3.9228,0.07277,0.00041122,0.00041122,0.00041122
9,397.188,2.73904,4.85136,0.04817,0.00228,0.13941,0.00329,0.0008,2.823,3.96995,0.07105,0.000410395,0.000410395,0.000410395
10,435.115,2.66563,4.7389,0.04551,0.00391,0.20428,0.00557,0.0014,2.64538,3.89654,0.06558,0.000409569,0.000409569,0.000409569
11,473.003,2.56477,4.61662,0.04469,0.00279,0.21179,0.00502,0.00135,2.58218,3.87694,0.06311,0.000408743,0.000408743,0.000408743
12,510.912,2.51271,4.55703,0.04217,0.00326,0.24368,0.00627,0.00165,nan,nan,nan,0.000407918,0.000407918,0.000407918
13,548.885,2.38498,4.39179,0.04021,0.00312,0.28482,0.00741,0.00208,2.52128,3.89646,0.0614,0.000407092,0.000407092,0.000407092
14,586.524,2.35687,4.33006,0.03941,0.00366,0.27811,0.00827,0.00229,2.46659,3.84962,0.05976,0.000406266,0.000406266,0.000406266
15,624.395,2.32333,4.30719,0.03868,0.78723,0.03395,0.01138,0.00332,2.45696,3.79935,0.05937,0.000405441,0.000405441,0.000405441
16,662.52,2.28236,4.23341,0.03725,0.00915,0.34316,0.01613,0.00491,2.36362,3.76932,0.05618,0.000404615,0.000404615,0.000404615
17,700.974,2.22951,4.17581,0.03607,0.76684,0.04687,0.01547,0.00454,2.33297,3.75658,0.05577,0.000403789,0.000403789,0.000403789
18,739.159,2.2089,4.1458,0.0361,0.78661,0.01266,0.01345,0.00403,2.34044,3.81225,0.05598,0.000402964,0.000402964,0.000402964
19,777.559,2.20941,4.14303,0.0364,0.76978,0.05579,0.01596,0.00463,2.27941,3.80466,0.05514,0.000402138,0.000402138,0.000402138
20,815.771,2.18004,4.11741,0.03551,0.80065,0.02173,0.02339,0.00682,2.22854,3.70571,0.05242,0.000401312,0.000401312,0.000401312
21,854.057,2.15632,4.06552,0.03549,0.68929,0.06652,0.0208,0.00677,2.3063,3.66241,0.05448,0.000400487,0.000400487,0.000400487
22,892.373,2.10733,3.99606,0.03432,0.7961,0.02112,0.02515,0.00859,2.22533,3.67197,0.05238,0.000399661,0.000399661,0.000399661
23,930.491,2.10939,3.98542,0.03474,0.79853,0.02352,0.02953,0.01045,2.15609,3.64126,0.05039,0.000398835,0.000398835,0.000398835
24,968.527,2.07469,3.96149,0.03284,0.75533,0.03193,0.02859,0.00946,2.14774,3.72756,0.04981,0.00039801,0.00039801,0.00039801
25,1006.99,2.05108,3.93697,0.0324,0.78843,0.02533,0.02857,0.00938,2.17289,3.63279,0.05081,0.000397184,0.000397184,0.000397184
26,1045.47,2.04081,3.89255,0.03235,0.75117,0.03654,0.03327,0.01118,2.09319,3.59027,0.04848,0.000396358,0.000396358,0.000396358
27,1083.88,2.03245,3.85516,0.03367,0.75429,0.03009,0.03236,0.01099,2.1747,3.58369,0.05096,0.000395533,0.000395533,0.000395533
28,1121.94,2.01691,3.81303,0.03218,0.75473,0.0364,0.03714,0.01312,2.0897,3.57981,0.04834,0.000394707,0.000394707,0.000394707
29,1160.22,1.9828,3.76599,0.03144,0.70158,0.04547,0.03482,0.01248,2.12189,3.55189,0.04936,0.000393882,0.000393882,0.000393882
30,1198.75,1.95989,3.76054,0.03063,0.7455,0.06749,0.0396,0.01396,2.02232,3.63293,0.04651,0.000393056,0.000393056,0.000393056
31,1236.94,1.96088,3.73149,0.03128,0.69392,0.05557,0.04323,0.01486,2.06199,3.58651,0.04762,0.00039223,0.00039223,0.00039223
32,1275.45,1.94988,3.77015,0.03098,0.63542,0.05229,0.04079,0.01405,2.12749,3.46441,0.04964,0.000391405,0.000391405,0.000391405
33,1313.13,1.93815,3.70457,0.03047,0.69102,0.05835,0.04828,0.01779,2.02206,3.52802,0.04622,0.000390579,0.000390579,0.000390579
34,1351.06,1.95264,3.70921,0.0311,0.63659,0.05284,0.0473,0.01761,2.02508,3.46752,0.04666,0.000389753,0.000389753,0.000389753
35,1389.63,1.91753,3.65887,0.03079,0.60772,0.07025,0.05249,0.01933,2.05214,3.44606,0.04746,0.000388928,0.000388928,0.000388928
36,1427.45,1.89752,3.61586,0.02908,0.58013,0.06731,0.04255,0.01594,2.09086,3.48877,0.04795,0.000388102,0.000388102,0.000388102
37,1465.77,1.91388,3.65249,0.03006,0.63559,0.06778,0.05213,0.01973,2.01925,3.49198,0.04684,0.000387276,0.000387276,0.000387276
38,1504.05,1.88551,3.61662,0.02911,0.58875,0.07824,0.05364,0.02103,2.06395,3.44968,0.04766,0.000386451,0.000386451,0.000386451
39,1542.3,1.87115,3.56339,0.02973,0.64394,0.07958,0.05493,0.02119,2.06629,3.44486,0.0475,0.000385625,0.000385625,0.000385625
40,1580.45,1.8956,3.54349,0.02951,0.50843,0.06635,0.05441,0.02099,2.00714,3.42875,0.04605,0.000384799,0.000384799,0.000384799
41,1618.63,1.88838,3.53478,0.02903,0.55635,0.08907,0.06192,0.02505,1.98806,3.36167,0.0453,0.000383974,0.000383974,0.000383974
42,1656.38,1.90624,3.54396,0.02933,0.54948,0.08642,0.05668,0.02258,2.00333,3.42205,0.04603,0.000383148,0.000383148,0.000383148
43,1694.45,1.88853,3.54543,0.02925,0.55788,0.09779,0.06486,0.02664,1.98072,3.33657,0.0453,0.000382322,0.000382322,0.000382322
44,1732.99,1.84373,3.45415,0.0288,0.50252,0.09391,0.0636,0.0257,1.92951,3.37726,0.04398,0.000381497,0.000381497,0.000381497
45,1771.23,1.87398,3.45728,0.02869,0.54079,0.09834,0.06527,0.02741,1.96925,3.31597,0.04483,0.000380671,0.000380671,0.000380671
46,1809.62,1.83926,3.445,0.02832,0.53012,0.10459,0.07176,0.02984,1.93057,3.28804,0.04389,0.000379845,0.000379845,0.000379845
47,1847.72,1.82204,3.39181,0.0283,0.47987,0.09769,0.07011,0.03051,1.97138,3.34617,0.04469,0.00037902,0.00037902,0.00037902
48,1885.51,1.83015,3.42686,0.02816,0.46457,0.11069,0.07346,0.03149,1.94884,3.26887,0.04423,0.000378194,0.000378194,0.000378194
49,1924.37,1.85572,3.39042,0.02897,0.48757,0.09107,0.06346,0.02551,2.00184,3.29812,0.04602,0.000377368,0.000377368,0.000377368
50,1962.66,1.83371,3.41148,0.02739,0.44124,0.11712,0.07297,0.03172,1.96464,3.24204,0.0444,0.000376543,0.000376543,0.000376543
51,2000.83,1.82131,3.38999,0.02812,0.4032,0.10741,0.07652,0.0325,1.9849,3.27276,0.0451,0.000375717,0.000375717,0.000375717
52,2039.35,1.79225,3.29236,0.0277,0.39522,0.11608,0.07814,0.03375,1.94571,3.32775,0.04414,0.000374891,0.000374891,0.000374891
53,2077.58,1.80258,3.3012,0.02747,0.36937,0.11626,0.08222,0.03578,1.91845,3.24277,0.04368,0.000374066,0.000374066,0.000374066
54,2115.91,1.79344,3.33201,0.02821,0.356,0.12568,0.0847,0.0371,1.89256,3.26282,0.0429,0.00037324,0.00037324,0.00037324
55,2154.38,1.79713,3.29368,0.02763,0.409,0.12759,0.08847,0.03879,1.87505,3.2088,0.04209,0.000372414,0.000372414,0.000372414
56,2192.47,1.8148,3.32156,0.02749,0.33844,0.1215,0.08063,0.03552,1.99216,3.21539,0.0451,0.000371589,0.000371589,0.000371589
57,2231.22,1.74552,3.27033,0.02678,0.3076,0.13918,0.09295,0.04086,1.89196,3.16964,0.04253,0.000370763,0.000370763,0.000370763
58,2269.56,1.77358,3.24588,0.02652,0.31068,0.10163,0.07231,0.03169,2.03011,3.30829,0.04651,0.000369937,0.000369937,0.000369937
59,2307.94,1.75636,3.23416,0.02686,0.34116,0.12906,0.09391,0.04285,1.93742,3.2249,0.04367,0.000369112,0.000369112,0.000369112
60,2346.43,1.76637,3.23583,0.02675,0.30147,0.14122,0.09627,0.04399,1.88242,3.14919,0.0422,0.000368286,0.000368286,0.000368286
61,2384.68,1.73229,3.16967,0.02638,0.32449,0.12997,0.09676,0.0444,1.91979,3.20122,0.04359,0.00036746,0.00036746,0.00036746
62,2422.8,1.75969,3.15645,0.02715,0.37303,0.12758,0.09524,0.04409,1.93713,3.17846,0.04372,0.000366635,0.000366635,0.000366635
63,2461.11,1.77625,3.15393,0.02696,0.27937,0.14364,0.10211,0.04491,1.94062,3.13021,0.04396,0.000365809,0.000365809,0.000365809
64,2499.4,1.73849,3.17484,0.02628,0.25781,0.14823,0.09927,0.04501,1.93524,3.11631,0.04377,0.000364983,0.000364983,0.000364983
65,2537.64,1.75921,3.1356,0.02619,0.32833,0.14962,0.10833,0.04946,1.8859,3.0948,0.04217,0.000364158,0.000364158,0.000364158
66,2576.17,1.73388,3.11681,0.02614,0.29784,0.15379,0.10979,0.0495,1.88439,3.05802,0.04235,0.000363332,0.000363332,0.000363332
67,2614.4,1.74913,3.10611,0.02641,0.32112,0.15668,0.10191,0.04644,1.88759,3.15263,0.04259,0.000362506,0.000362506,0.000362506
68,2652.98,1.73784,3.10458,0.02585,0.30501,0.15688,0.1163,0.05453,1.87409,3.04956,0.04206,0.000361681,0.000361681,0.000361681
69,2691.06,1.70826,3.0912,0.02687,0.30459,0.15545,0.11488,0.05357,1.89421,3.06235,0.04246,0.000360855,0.000360855,0.000360855
70,2729.44,1.70849,3.04892,0.02534,0.25074,0.16523,0.11674,0.05375,1.91969,3.06215,0.04312,0.000360029,0.000360029,0.000360029
71,2767.63,1.70305,3.05026,0.02587,0.27227,0.17167,0.11978,0.05612,1.87266,3.03334,0.04188,0.000359204,0.000359204,0.000359204
72,2806.43,1.71031,3.04516,0.02593,0.23998,0.17199,0.1201,0.0568,1.84781,3.02342,0.04122,0.000358378,0.000358378,0.000358378
73,2844.87,1.72108,3.05108,0.02623,0.259,0.1718,0.12029,0.05709,1.86647,3.01816,0.04189,0.000357552,0.000357552,0.000357552
74,2883.34,1.69151,3.01166,0.02617,0.30034,0.17507,0.12053,0.05576,1.85691,3.01726,0.04159,0.000356727,0.000356727,0.000356727
75,2921.33,1.69652,2.97063,0.02543,0.19496,0.16061,0.11282,0.05304,1.89174,3.14405,0.04254,0.000355901,0.000355901,0.000355901
76,2959.82,1.73225,2.96382,0.02553,0.26176,0.17676,0.12307,0.0569,1.85025,3.03476,0.0414,0.000355076,0.000355076,0.000355076
77,2998.2,1.66566,2.93589,0.02469,0.20545,0.1658,0.12547,0.06014,1.8509,3.05693,0.04136,0.00035425,0.00035425,0.00035425
78,3036.44,1.69847,2.95627,0.02502,0.26819,0.18532,0.12819,0.06025,1.88329,2.99908,0.04219,0.000353424,0.000353424,0.000353424
79,3075,1.70591,2.91286,0.02546,0.24484,0.1842,0.13126,0.06114,1.84786,3.01898,0.04154,0.000352599,0.000352599,0.000352599
80,3113.61,1.68803,2.89837,0.02493,0.21481,0.18069,0.12919,0.06066,1.86171,3.04593,0.04185,0.000351773,0.000351773,0.000351773
81,3151.97,1.67782,2.88551,0.02416,0.23791,0.19001,0.13775,0.06569,1.85058,3.00014,0.04144,0.000350947,0.000350947,0.000350947
82,3190.61,1.67463,2.87927,0.02442,0.24184,0.19017,0.14386,0.06876,1.8859,2.97044,0.04236,0.000350122,0.000350122,0.000350122
83,3229.3,1.66784,2.85288,0.02515,0.22393,0.18654,0.13276,0.06494,1.85418,3.04766,0.04131,0.000349296,0.000349296,0.000349296
84,3267.42,1.67265,2.88488,0.02493,0.25985,0.18334,0.14108,0.06771,1.86445,2.99065,0.04156,0.00034847,0.00034847,0.00034847
85,3306.26,1.66798,2.87884,0.02462,0.21775,0.1996,0.14056,0.06868,1.85407,2.98651,0.04134,0.000347645,0.000347645,0.000347645
86,3344.6,1.67573,2.8221,0.02458,0.24755,0.20016,0.14629,0.07099,1.83219,2.9362,0.04119,0.000346819,0.000346819,0.000346819
87,3382.82,1.63945,2.80454,0.0247,0.23645,0.19719,0.14124,0.06869,1.84551,2.98111,0.04097,0.000345993,0.000345993,0.000345993
88,3421.31,1.64849,2.80298,0.02476,0.23143,0.19813,0.14835,0.07338,1.83796,2.95802,0.04092,0.000345168,0.000345168,0.000345168
89,3460.18,1.63807,2.8136,0.02425,0.2636,0.19796,0.14643,0.07315,1.82286,2.96206,0.04039,0.000344342,0.000344342,0.000344342
90,3498.47,1.63435,2.74886,0.02418,0.22646,0.19614,0.14525,0.07098,1.84472,3.02832,0.04097,0.000343516,0.000343516,0.000343516
91,3537,1.64039,2.77007,0.02425,0.2477,0.19511,0.14887,0.07119,1.86167,2.91699,0.04151,0.000342691,0.000342691,0.000342691
92,3575.06,1.60728,2.7318,0.02351,0.24585,0.20279,0.15405,0.07634,1.82344,2.91189,0.04036,0.000341865,0.000341865,0.000341865
93,3612.98,1.64599,2.77208,0.02497,0.26642,0.20455,0.15636,0.07603,1.85532,2.91562,0.04122,0.000341039,0.000341039,0.000341039
94,3651.5,1.61551,2.74249,0.02304,0.2476,0.19527,0.15214,0.0751,1.84268,2.93738,0.04098,0.000340214,0.000340214,0.000340214
95,3689.62,1.62191,2.69358,0.02342,0.23833,0.20905,0.15289,0.07389,1.87405,2.89268,0.04185,0.000339388,0.000339388,0.000339388
96,3727.32,1.61263,2.70904,0.02372,0.25881,0.20961,0.15689,0.07941,1.8088,2.8768,0.03989,0.000338562,0.000338562,0.000338562
97,3765.83,1.62029,2.66284,0.02394,0.2599,0.21079,0.15782,0.07618,1.85094,2.88113,0.04145,0.000337737,0.000337737,0.000337737
98,3803.97,1.61378,2.67572,0.02421,0.24052,0.2057,0.15246,0.07537,1.83902,2.97075,0.04061,0.000336911,0.000336911,0.000336911
99,3842.04,1.62538,2.67277,0.02378,0.24183,0.20918,0.15947,0.08017,1.85657,2.9308,0.04141,0.000336085,0.000336085,0.000336085
100,3880.2,1.60946,2.66799,0.02311,0.24872,0.21715,0.16372,0.08147,1.84585,2.8881,0.04103,0.00033526,0.00033526,0.00033526
101,3918.2,1.61303,2.65415,0.02411,0.24325,0.22075,0.16245,0.08048,1.8348,2.90568,0.041,0.000334434,0.000334434,0.000334434
102,3956.41,1.62763,2.64107,0.02354,0.2427,0.21762,0.15589,0.07918,1.82424,2.91433,0.04018,0.000333608,0.000333608,0.000333608
103,3994.79,1.62507,2.58674,0.02344,0.24092,0.2169,0.16115,0.07912,1.85179,2.89635,0.04112,0.000332783,0.000332783,0.000332783
104,4033.16,1.62671,2.61014,0.02435,0.25041,0.22033,0.16184,0.07766,1.8497,2.87933,0.0412,0.000331957,0.000331957,0.000331957
105,4071.03,1.61518,2.57455,0.02374,0.25924,0.22304,0.16448,0.08126,1.85642,2.88591,0.04127,0.000331131,0.000331131,0.000331131
106,4109.51,1.61771,2.56564,0.02389,0.24685,0.22954,0.17233,0.0869,1.82212,2.85268,0.04039,0.000330306,0.000330306,0.000330306
107,4147.77,1.59677,2.57774,0.0234,0.2576,0.21858,0.16927,0.08223,1.82875,2.83968,0.0404,0.00032948,0.00032948,0.00032948
108,4185.38,1.57,2.52614,0.02412,0.24941,0.21823,0.17131,0.0871,1.83975,2.87316,0.04039,0.000328654,0.000328654,0.000328654
109,4223.61,1.58777,2.54398,0.02275,0.23663,0.22687,0.17077,0.08606,1.82518,2.84445,0.04021,0.000327829,0.000327829,0.000327829
110,4261.92,1.59393,2.5155,0.02259,0.26604,0.21535,0.16429,0.08154,1.85409,2.91488,0.04106,0.000327003,0.000327003,0.000327003
111,4300.11,1.57179,2.50863,0.02348,0.25602,0.22107,0.16935,0.08485,1.83014,2.83914,0.04057,0.000326177,0.000326177,0.000326177
112,4338.82,1.58244,2.49094,0.02222,0.26023,0.21994,0.1679,0.08314,1.88071,2.85752,0.04161,0.000325352,0.000325352,0.000325352
113,4376.83,1.5614,2.50122,0.02312,0.27181,0.22432,0.17306,0.08828,1.84612,2.86925,0.0406,0.000324526,0.000324526,0.000324526
114,4414.95,1.5928,2.50015,0.02334,0.2585,0.22544,0.17935,0.0914,1.8438,2.82164,0.04069,0.0003237,0.0003237,0.0003237
115,4453.44,1.58338,2.4545,0.02297,0.27686,0.23213,0.18428,0.09393,1.83156,2.80667,0.0405,0.000322875,0.000322875,0.000322875
116,4491.87,1.55571,2.46394,0.02251,0.25859,0.23799,0.17791,0.0916,1.82267,2.81673,0.03998,0.000322049,0.000322049,0.000322049
117,4529.94,1.54899,2.43554,0.02287,0.24959,0.22866,0.1712,0.08837,1.83004,2.88654,0.04065,0.000321223,0.000321223,0.000321223
118,4568.38,1.52562,2.44296,0.02239,0.28444,0.23293,0.18321,0.09356,1.83979,2.80901,0.04056,0.000320398,0.000320398,0.000320398
119,4606.67,1.56398,2.40954,0.02286,0.2636,0.23521,0.17917,0.0906,1.82556,2.81088,0.04024,0.000319572,0.000319572,0.000319572
120,4644.3,1.56273,2.39023,0.02344,0.26886,0.22691,0.17991,0.09365,1.83795,2.86295,0.04078,0.000318746,0.000318746,0.000318746
121,4682.55,1.54957,2.39785,0.02239,0.28104,0.23295,0.18056,0.09044,1.82911,2.84853,0.04041,0.000317921,0.000317921,0.000317921
122,4721.05,1.53516,2.38547,0.02262,0.29629,0.23992,0.19023,0.09512,1.8279,2.79624,0.04038,0.000317095,0.000317095,0.000317095
123,4758.76,1.54898,2.39948,0.02295,0.2743,0.23636,0.18196,0.08893,1.84947,2.79184,0.04111,0.000316269,0.000316269,0.000316269
124,4796.94,1.53192,2.39723,0.02279,0.27526,0.24072,0.18186,0.09413,1.8081,2.81342,0.04008,0.000315444,0.000315444,0.000315444
125,4835.49,1.56745,2.38883,0.0227,0.27469,0.2388,0.18742,0.09534,1.81809,2.77761,0.03982,0.000314618,0.000314618,0.000314618
126,4873.82,1.55694,2.3989,0.02248,0.28845,0.24303,0.18696,0.09312,1.83476,2.81889,0.0407,0.000313792,0.000313792,0.000313792
127,4912.12,1.52215,2.32538,0.02226,0.28907,0.24016,0.19423,0.10153,1.79797,2.7864,0.03941,0.000312967,0.000312967,0.000312967
128,4950.17,1.51509,2.31295,0.02165,0.28384,0.25044,0.19337,0.09975,1.8066,2.78384,0.03968,0.000312141,0.000312141,0.000312141
129,4988.3,1.52465,2.32746,0.02269,0.28924,0.23775,0.19049,0.09808,1.81404,2.86795,0.04013,0.000311316,0.000311316,0.000311316
130,5026.51,1.53377,2.32802,0.0222,0.28878,0.23839,0.18996,0.09563,1.84039,2.79193,0.04065,0.00031049,0.00031049,0.00031049
131,5064.78,1.51616,2.31165,0.02185,0.29748,0.2372,0.19394,0.09933,1.82495,2.81214,0.04002,0.000309664,0.000309664,0.000309664
132,5102.92,1.52396,2.28998,0.02179,0.28808,0.23533,0.19136,0.09737,1.81526,2.78955,0.03978,0.000308839,0.000308839,0.000308839
133,5141.02,1.51465,2.2588,0.02179,0.28939,0.23031,0.1837,0.09307,1.86064,2.86509,0.04096,0.000308013,0.000308013,0.000308013
134,5179.28,1.4987,2.28964,0.02102,0.28836,0.24335,0.19128,0.09817,1.81719,2.82824,0.04041,0.000307187,0.000307187,0.000307187
135,5217.04,1.50369,2.25824,0.02185,0.29057,0.23984,0.191,0.0989,1.82617,2.7994,0.04012,0.000306362,0.000306362,0.000306362
136,5254.89,1.51245,2.26844,0.02236,0.28581,0.2526,0.19543,0.09987,1.8282,2.78538,0.04043,0.000305536,0.000305536,0.000305536
137,5292.91,1.49845,2.24612,0.02175,0.29698,0.24049,0.19858,0.10176,1.82703,2.85833,0.04019,0.00030471,0.00030471,0.00030471
138,5330.99,1.51297,2.24842,0.0212,0.30714,0.25623,0.20543,0.10685,1.8112,2.75315,0.03978,0.000303885,0.000303885,0.000303885
139,5369.3,1.49224,2.22279,0.022,0.30335,0.24966,0.20476,0.10566,1.81264,2.77291,0.04001,0.000303059,0.000303059,0.000303059
140,5407.77,1.51769,2.21587,0.02146,0.29824,0.25114,0.20471,0.10652,1.81362,2.79089,0.04008,0.000302233,0.000302233,0.000302233
141,5445.78,1.49788,2.19182,0.02115,0.29533,0.25547,0.20479,0.10611,1.81515,2.76962,0.03997,0.000301408,0.000301408,0.000301408
142,5484.25,1.50654,2.18284,0.02172,0.30995,0.24475,0.20449,0.10612,1.8138,2.79972,0.03982,0.000300582,0.000300582,0.000300582
143,5522.5,1.4807,2.15867,0.02145,0.28382,0.25141,0.20012,0.10419,1.8222,2.79359,0.04008,0.000299756,0.000299756,0.000299756
144,5560.19,1.50692,2.22397,0.02162,0.30172,0.24751,0.20361,0.10417,1.80779,2.76048,0.0397,0.000298931,0.000298931,0.000298931
145,5598.19,1.49513,2.17783,0.02238,0.29796,0.24854,0.20173,0.10267,1.85328,2.79514,0.04105,0.000298105,0.000298105,0.000298105
146,5636.2,1.50531,2.22535,0.02155,0.30224,0.24777,0.19885,0.10417,1.83788,2.76582,0.04026,0.000297279,0.000297279,0.000297279
147,5674.06,1.46213,2.13018,0.02099,0.30065,0.24442,0.20585,0.10504,1.83389,2.75866,0.04027,0.000296454,0.000296454,0.000296454
148,5712.06,1.48017,2.16046,0.02065,0.30127,0.2551,0.20815,0.10614,1.82313,2.75649,0.04002,0.000295628,0.000295628,0.000295628
149,5750.01,1.46383,2.16261,0.02118,0.31973,0.25322,0.21233,0.10926,1.83488,2.74046,0.04056,0.000294802,0.000294802,0.000294802
150,5788.32,1.45645,2.12279,0.02111,0.3027,0.25504,0.20898,0.11002,1.81087,2.76477,0.03979,0.000293977,0.000293977,0.000293977
151,5826.54,1.43097,2.11459,0.02105,0.30708,0.25917,0.21063,0.111,1.81399,2.76371,0.03959,0.000293151,0.000293151,0.000293151
152,5864.87,1.46597,2.14274,0.02073,0.30233,0.25469,0.20685,0.10926,1.80477,2.77202,0.03967,0.000292325,0.000292325,0.000292325
153,5902.49,1.45051,2.09068,0.02174,0.32011,0.24344,0.20828,0.10789,1.84797,2.78769,0.04074,0.0002915,0.0002915,0.0002915
154,5940.61,1.47734,2.11633,0.02188,0.29825,0.24739,0.20088,0.10476,1.85352,2.78246,0.04097,0.000290674,0.000290674,0.000290674
155,5978.86,1.4674,2.11068,0.02051,0.30556,0.26028,0.2147,0.11131,1.8113,2.73091,0.03987,0.000289848,0.000289848,0.000289848
156,6016.35,1.46116,2.03592,0.02112,0.30767,0.26087,0.21272,0.1098,1.82771,2.76248,0.04039,0.000289023,0.000289023,0.000289023
157,6054.41,1.44529,2.07954,0.02046,0.29727,0.25842,0.21076,0.11135,1.80572,2.78765,0.03947,0.000288197,0.000288197,0.000288197
158,6092.82,1.46761,2.06617,0.02108,0.30901,0.2603,0.21126,0.11012,1.8199,2.7472,0.03983,0.000287371,0.000287371,0.000287371
159,6130.64,1.42592,2.02159,0.0201,0.30842,0.25311,0.20934,0.11101,1.82677,2.80071,0.04,0.000286546,0.000286546,0.000286546
160,6168.45,1.45377,2.05455,0.02046,0.31124,0.25993,0.21106,0.10889,1.85251,2.75915,0.04069,0.00028572,0.00028572,0.00028572
161,6206.63,1.42318,2.00947,0.02086,0.32661,0.25338,0.21775,0.11341,1.8164,2.72776,0.03979,0.000284894,0.000284894,0.000284894
162,6244.59,1.45147,2.03443,0.02079,0.31881,0.25939,0.2156,0.11281,1.82545,2.77559,0.04009,0.000284069,0.000284069,0.000284069
163,6282.61,1.44741,1.99466,0.02076,0.31748,0.24931,0.21119,0.10911,1.84279,2.7638,0.04064,0.000283243,0.000283243,0.000283243
164,6320.83,1.41985,1.98617,0.01976,0.3112,0.26343,0.21623,0.11254,1.83494,2.76486,0.04043,0.000282417,0.000282417,0.000282417
165,6358.87,1.40642,1.97179,0.01978,0.31483,0.25268,0.21192,0.11157,1.83884,2.78782,0.04039,0.000281592,0.000281592,0.000281592
166,6396.67,1.44685,2.01276,0.0214,0.32141,0.25796,0.21618,0.11557,1.82571,2.83094,0.04001,0.000280766,0.000280766,0.000280766
167,6434.91,1.41463,2.00289,0.02072,0.33571,0.25101,0.21625,0.11335,1.81579,2.74296,0.03981,0.00027994,0.00027994,0.00027994
168,6472.86,1.41117,2.00461,0.01977,0.33068,0.26293,0.2218,0.11592,1.83048,2.74753,0.04012,0.000279115,0.000279115,0.000279115
169,6511.25,1.45979,1.98794,0.02072,0.32023,0.26633,0.22079,0.11481,1.84792,2.73096,0.04062,0.000278289,0.000278289,0.000278289
170,6549.22,1.42657,1.97102,0.01975,0.31696,0.25374,0.2177,0.11695,1.83201,2.79721,0.04027,0.000277463,0.000277463,0.000277463
171,6587.46,1.43846,1.96666,0.0198,0.32338,0.2582,0.22108,0.11736,1.81804,2.72043,0.0399,0.000276638,0.000276638,0.000276638
172,6625.24,1.42304,1.9261,0.02093,0.35456,0.26205,0.22822,0.12103,1.81008,2.75166,0.03967,0.000275812,0.000275812,0.000275812
173,6663.61,1.43569,1.9883,0.02044,0.31987,0.26082,0.21485,0.11244,1.81693,2.73526,0.03978,0.000274986,0.000274986,0.000274986
174,6701.63,1.38173,1.90979,0.01993,0.31767,0.26094,0.22128,0.11643,1.83559,2.75206,0.0403,0.000274161,0.000274161,0.000274161
175,6739.51,1.42228,1.9484,0.02008,0.32052,0.25111,0.21229,0.11158,1.84418,2.77815,0.04049,0.000273335,0.000273335,0.000273335
176,6777.46,1.38622,1.90398,0.02029,0.34415,0.26084,0.22905,0.12244,1.82561,2.74995,0.04024,0.000272509,0.000272509,0.000272509
177,6815.68,1.42996,1.94697,0.02047,0.31835,0.26862,0.22499,0.11964,1.83013,2.75411,0.04022,0.000271684,0.000271684,0.000271684
178,6853.56,1.41758,1.90942,0.01982,0.32415,0.26602,0.22284,0.11951,1.81838,2.77659,0.03972,0.000270858,0.000270858,0.000270858
179,6891.47,1.38147,1.95353,0.01929,0.33807,0.26183,0.22133,0.11708,1.82929,2.75569,0.04003,0.000270033,0.000270033,0.000270033
180,6929.57,1.38457,1.90312,0.01975,0.33149,0.25973,0.21722,0.11703,1.81921,2.74623,0.03982,0.000269207,0.000269207,0.000269207
181,6967.7,1.38273,1.89917,0.01977,0.31804,0.26347,0.226,0.12099,1.82319,2.71758,0.03988,0.000268381,0.000268381,0.000268381
182,7005.69,1.3878,1.87689,0.01928,0.33306,0.26995,0.22648,0.12174,1.83114,2.74673,0.04018,0.000267556,0.000267556,0.000267556
183,7043.76,1.40864,1.86462,0.02024,0.32836,0.26043,0.22247,0.11882,1.81878,2.74093,0.03978,0.00026673,0.00026673,0.00026673
184,7081.62,1.40657,1.88539,0.02005,0.32276,0.26433,0.21548,0.114,1.82679,2.75005,0.04003,0.000265904,0.000265904,0.000265904
185,7119.66,1.37194,1.88374,0.01868,0.32403,0.27306,0.23175,0.12359,1.83898,2.73532,0.04042,0.000265079,0.000265079,0.000265079
186,7157.47,1.376,1.89665,0.01971,0.32052,0.25212,0.21497,0.11265,1.84995,2.7764,0.04046,0.000264253,0.000264253,0.000264253
187,7195.39,1.39047,1.89115,0.01965,0.32488,0.25899,0.22008,0.11815,1.82952,2.74282,0.04008,0.000263427,0.000263427,0.000263427
188,7233.19,1.4005,1.88825,0.01976,0.33307,0.26457,0.2262,0.11986,1.84404,2.72309,0.04046,0.000262602,0.000262602,0.000262602
189,7271.4,1.37544,1.85587,0.01954,0.31933,0.26752,0.22776,0.12015,1.84657,2.72505,0.0406,0.000261776,0.000261776,0.000261776
190,7309.08,1.38323,1.84318,0.01887,0.33447,0.26396,0.2276,0.12306,1.82673,2.72715,0.04001,0.00026095,0.00026095,0.00026095
191,7346.81,1.398,1.81307,0.01965,0.3183,0.26275,0.22333,0.11927,1.84503,2.75184,0.04046,0.000260125,0.000260125,0.000260125
192,7384.88,1.38536,1.80473,0.01886,0.32783,0.26609,0.2228,0.12073,1.82974,2.74899,0.04001,0.000259299,0.000259299,0.000259299
193,7422.86,1.3852,1.80754,0.01974,0.32857,0.26829,0.23195,0.12313,1.83324,2.71772,0.04025,0.000258473,0.000258473,0.000258473
194,7460.96,1.3791,1.83949,0.01917,0.31675,0.27219,0.22966,0.12337,1.83787,2.73543,0.04032,0.000257648,0.000257648,0.000257648
195,7498.83,1.34775,1.7739,0.01841,0.32676,0.28008,0.23799,0.12824,1.83113,2.68663,0.04009,0.000256822,0.000256822,0.000256822
196,7536.51,1.3835,1.78308,0.01959,0.354,0.26468,0.23571,0.12681,1.82953,2.72195,0.04007,0.000255996,0.000255996,0.000255996
197,7574.74,1.34767,1.74957,0.01897,0.35054,0.26302,0.23497,0.12783,1.84012,2.72835,0.04028,0.000255171,0.000255171,0.000255171
198,7612.57,1.36015,1.81341,0.01946,0.33057,0.26876,0.23613,0.12725,1.8402,2.73805,0.04038,0.000254345,0.000254345,0.000254345
199,7650.13,1.36227,1.75747,0.01968,0.33216,0.27454,0.23585,0.12823,1.83026,2.7126,0.04004,0.000253519,0.000253519,0.000253519
200,7688.17,1.36662,1.78467,0.0191,0.34356,0.25988,0.23139,0.12586,1.83058,2.75726,0.04007,0.000252694,0.000252694,0.000252694
201,7725.94,1.34766,1.78869,0.01901,0.32846,0.26224,0.2262,0.12207,1.82954,2.75732,0.03994,0.000251868,0.000251868,0.000251868
202,7763.67,1.329,1.74801,0.01882,0.33877,0.26783,0.23081,0.12522,1.82412,2.74147,0.03994,0.000251042,0.000251042,0.000251042
203,7801.49,1.36042,1.77055,0.01928,0.33486,0.2699,0.2294,0.12131,1.87819,2.71459,0.04142,0.000250217,0.000250217,0.000250217
204,7839.6,1.35542,1.76315,0.019,0.32696,0.27261,0.23719,0.1274,1.84276,2.71564,0.04045,0.000249391,0.000249391,0.000249391
205,7877.06,1.36474,1.73401,0.01876,0.33785,0.26188,0.23265,0.12486,1.85754,2.75263,0.04082,0.000248565,0.000248565,0.000248565
206,7914.76,1.35713,1.74666,0.01855,0.32618,0.27436,0.23647,0.1279,1.82512,2.74159,0.03998,0.00024774,0.00024774,0.00024774
207,7952.93,1.32651,1.74929,0.01816,0.34239,0.26468,0.23707,0.12785,1.83885,2.72225,0.04014,0.000246914,0.000246914,0.000246914
208,7990.57,1.33583,1.73811,0.01835,0.34691,0.27362,0.24043,0.12917,1.85061,2.71307,0.04061,0.000246088,0.000246088,0.000246088
209,8028.74,1.3332,1.77,0.01886,0.34015,0.27459,0.2368,0.12646,1.85514,2.73262,0.0407,0.000245263,0.000245263,0.000245263
210,8066.63,1.33853,1.71439,0.01894,0.33477,0.27004,0.23306,0.12462,1.85749,2.76268,0.04084,0.000244437,0.000244437,0.000244437
211,8104.29,1.34445,1.73689,0.01874,0.33646,0.27441,0.23929,0.13054,1.81447,2.73371,0.03961,0.000243611,0.000243611,0.000243611
212,8142.02,1.33479,1.68786,0.01821,0.33143,0.26942,0.23349,0.12429,1.84988,2.74706,0.04051,0.000242786,0.000242786,0.000242786
213,8180.02,1.34064,1.6841,0.01868,0.3392,0.27571,0.24019,0.12913,1.81601,2.75628,0.03974,0.00024196,0.00024196,0.00024196
214,8218.1,1.34419,1.70599,0.01902,0.35014,0.26325,0.23903,0.13013,1.8495,2.75876,0.04069,0.000241134,0.000241134,0.000241134
215,8255.73,1.31411,1.68796,0.01819,0.35152,0.27331,0.24429,0.13222,1.84026,2.74734,0.04027,0.000240309,0.000240309,0.000240309
216,8293.46,1.3404,1.74729,0.01891,0.34277,0.26977,0.2377,0.12756,1.85913,2.76163,0.04091,0.000239483,0.000239483,0.000239483
217,8331.43,1.31936,1.66554,0.01895,0.35369,0.27886,0.24537,0.13176,1.83857,2.72275,0.04034,0.000238657,0.000238657,0.000238657
218,8369.06,1.3303,1.67418,0.01865,0.33859,0.27874,0.24049,0.12735,1.85526,2.73759,0.04066,0.000237832,0.000237832,0.000237832
219,8407.03,1.31483,1.70313,0.01868,0.34396,0.26903,0.2411,0.12934,1.85356,2.74447,0.04056,0.000237006,0.000237006,0.000237006
220,8444.65,1.33066,1.68083,0.01845,0.35935,0.2761,0.24782,0.13288,1.85246,2.72997,0.04056,0.00023618,0.00023618,0.00023618
221,8482.27,1.32137,1.66516,0.01779,0.34711,0.2709,0.24087,0.12953,1.86229,2.75047,0.04084,0.000235355,0.000235355,0.000235355
222,8520.63,1.32123,1.64424,0.01819,0.33818,0.26969,0.23859,0.12913,1.85183,2.78678,0.04054,0.000234529,0.000234529,0.000234529
223,8558.69,1.30804,1.62413,0.0189,0.35477,0.27237,0.24165,0.13121,1.86583,2.75581,0.04079,0.000233703,0.000233703,0.000233703
224,8596.42,1.31897,1.65505,0.0183,0.35579,0.27598,0.24995,0.1349,1.84883,2.71907,0.04061,0.000232878,0.000232878,0.000232878
225,8634.36,1.29344,1.6346,0.01824,0.35245,0.27548,0.24574,0.13099,1.82964,2.71366,0.03998,0.000232052,0.000232052,0.000232052
226,8672.09,1.31117,1.61862,0.0173,0.34907,0.27272,0.24038,0.13,1.84353,2.77309,0.04036,0.000231226,0.000231226,0.000231226
227,8709.8,1.31537,1.64822,0.0181,0.34718,0.27092,0.24225,0.13248,1.82616,2.75764,0.03988,0.000230401,0.000230401,0.000230401
228,8747.22,1.30562,1.67448,0.01783,0.34977,0.27501,0.23991,0.12754,1.86532,2.76222,0.04086,0.000229575,0.000229575,0.000229575
229,8785.28,1.30815,1.66907,0.01785,0.35947,0.27385,0.24501,0.12921,1.85215,2.73182,0.04055,0.00022875,0.00022875,0.00022875
230,8823.05,1.2916,1.6597,0.0176,0.34567,0.27537,0.24207,0.12785,1.87108,2.72624,0.04108,0.000227924,0.000227924,0.000227924
231,8861.35,1.30236,1.61853,0.01846,0.35463,0.26739,0.24668,0.13365,1.83866,2.73435,0.04024,0.000227098,0.000227098,0.000227098
232,8899.26,1.30328,1.62559,0.01897,0.34728,0.27389,0.24346,0.13082,1.85756,2.7168,0.04073,0.000226273,0.000226273,0.000226273
233,8936.91,1.27827,1.59572,0.01761,0.36178,0.27363,0.24881,0.13574,1.86224,2.76968,0.04075,0.000225447,0.000225447,0.000225447
234,8974.61,1.30048,1.6126,0.01731,0.36866,0.27527,0.24732,0.13531,1.84545,2.72807,0.04031,0.000224621,0.000224621,0.000224621
235,9012.35,1.26822,1.5992,0.01758,0.37559,0.26694,0.24451,0.13128,1.8601,2.72295,0.04076,0.000223796,0.000223796,0.000223796
236,9049.94,1.28411,1.61565,0.01789,0.35429,0.27798,0.24496,0.13381,1.83867,2.77606,0.0401,0.00022297,0.00022297,0.00022297
237,9087.9,1.29423,1.59423,0.01813,0.34631,0.27452,0.24657,0.13212,1.84664,2.74346,0.0405,0.000222144,0.000222144,0.000222144
238,9125.58,1.27895,1.60233,0.01799,0.3527,0.26839,0.24247,0.13116,1.85422,2.75468,0.04063,0.000221319,0.000221319,0.000221319
239,9163.27,1.28101,1.6167,0.01789,0.34354,0.27501,0.24468,0.13177,1.85534,2.75219,0.04063,0.000220493,0.000220493,0.000220493
240,9200.96,1.29042,1.64839,0.0178,0.34419,0.27156,0.2452,0.13281,1.84101,2.75091,0.04024,0.000219667,0.000219667,0.000219667
241,9238.45,1.25489,1.57231,0.01716,0.34685,0.27608,0.24753,0.13651,1.85288,2.78015,0.04057,0.000218842,0.000218842,0.000218842
242,9276.24,1.28988,1.59772,0.0177,0.34265,0.27423,0.24467,0.13405,1.85816,2.7702,0.04064,0.000218016,0.000218016,0.000218016
243,9314.05,1.27662,1.59495,0.01797,0.3367,0.27723,0.2454,0.13345,1.86014,2.76853,0.04071,0.00021719,0.00021719,0.00021719
244,9351.63,1.26714,1.58651,0.01789,0.35859,0.26495,0.24463,0.13241,1.8631,2.76659,0.04084,0.000216365,0.000216365,0.000216365
245,9389.35,1.29263,1.5996,0.01763,0.35402,0.26693,0.24408,0.13329,1.85767,2.76979,0.04072,0.000215539,0.000215539,0.000215539
246,9427.61,1.2728,1.56127,0.01753,0.36495,0.27155,0.24519,0.13345,1.85001,2.73969,0.04032,0.000214713,0.000214713,0.000214713
247,9465.39,1.26645,1.55668,0.0173,0.35658,0.28243,0.2503,0.13535,1.85105,2.76841,0.04044,0.000213888,0.000213888,0.000213888
248,9502.93,1.28028,1.53218,0.01737,0.36033,0.27359,0.24726,0.13551,1.84623,2.77624,0.04026,0.000213062,0.000213062,0.000213062
249,9540.95,1.26256,1.53943,0.01765,0.35374,0.27745,0.2458,0.13335,1.87186,2.73965,0.04101,0.000212236,0.000212236,0.000212236
250,9578.77,1.28414,1.56718,0.01755,0.3511,0.27859,0.24691,0.13341,1.85359,2.75353,0.04057,0.000211411,0.000211411,0.000211411
251,9616.24,1.26623,1.53953,0.01733,0.3697,0.26613,0.24391,0.1331,1.86104,2.77029,0.04048,0.000210585,0.000210585,0.000210585
252,9653.79,1.27921,1.54014,0.01787,0.37145,0.27135,0.24967,0.13503,1.84895,2.76975,0.04035,0.000209759,0.000209759,0.000209759
253,9691.21,1.26202,1.5444,0.01768,0.366,0.27871,0.2521,0.1378,1.86272,2.74604,0.04072,0.000208934,0.000208934,0.000208934
254,9728.92,1.2456,1.51547,0.01727,0.35692,0.27877,0.25089,0.13586,1.86513,2.75535,0.04074,0.000208108,0.000208108,0.000208108
255,9766.38,1.26091,1.52785,0.01726,0.37292,0.27633,0.2544,0.13913,1.85392,2.75919,0.04055,0.000207282,0.000207282,0.000207282
256,9804.03,1.25782,1.52671,0.01687,0.35276,0.27481,0.25044,0.13763,1.84315,2.75604,0.04017,0.000206457,0.000206457,0.000206457
257,9841.83,1.25816,1.52386,0.01751,0.37076,0.26906,0.24846,0.13456,1.86935,2.76748,0.04084,0.000205631,0.000205631,0.000205631
258,9879.57,1.26481,1.5398,0.01801,0.35143,0.28162,0.25002,0.13502,1.85191,2.78538,0.04044,0.000204805,0.000204805,0.000204805
259,9917.01,1.2686,1.54072,0.01773,0.36153,0.27857,0.24909,0.13438,1.87732,2.76838,0.04103,0.00020398,0.00020398,0.00020398
260,9954.72,1.23158,1.52217,0.01648,0.36523,0.27624,0.25102,0.13677,1.86381,2.77343,0.04071,0.000203154,0.000203154,0.000203154
261,9992.11,1.24623,1.4844,0.01681,0.35469,0.28076,0.24982,0.13514,1.86056,2.75075,0.04059,0.000202328,0.000202328,0.000202328
262,10029.8,1.25977,1.54661,0.0175,0.38011,0.2737,0.25399,0.13792,1.85,2.76097,0.04029,0.000201503,0.000201503,0.000201503
263,10067.5,1.21701,1.4456,0.01625,0.36394,0.2763,0.24911,0.13531,1.87685,2.76101,0.0411,0.000200677,0.000200677,0.000200677
264,10105.3,1.21807,1.49203,0.01661,0.37833,0.28151,0.2548,0.13839,1.85655,2.78663,0.04063,0.000199851,0.000199851,0.000199851
265,10142.9,1.23081,1.51426,0.01679,0.37995,0.27743,0.25519,0.1397,1.86269,2.76798,0.04058,0.000199026,0.000199026,0.000199026
266,10180.2,1.23666,1.50694,0.01676,0.37052,0.27584,0.2525,0.13973,1.84613,2.79941,0.0401,0.0001982,0.0001982,0.0001982
267,10217.8,1.22573,1.45221,0.01689,0.37175,0.27226,0.24973,0.1373,1.85656,2.77207,0.04044,0.000197374,0.000197374,0.000197374
268,10255.4,1.25261,1.49567,0.01747,0.35848,0.27975,0.25155,0.13725,1.8638,2.79043,0.04069,0.000196549,0.000196549,0.000196549
269,10293.2,1.24417,1.50401,0.017,0.38167,0.2772,0.2562,0.13876,1.8727,2.76881,0.04096,0.000195723,0.000195723,0.000195723
270,10330.7,1.2173,1.45188,0.01709,0.36651,0.28172,0.2516,0.13709,1.86169,2.77306,0.04064,0.000194897,0.000194897,0.000194897
271,10368.5,1.21569,1.44248,0.01693,0.36256,0.28226,0.25576,0.13818,1.86494,2.76302,0.04078,0.000194072,0.000194072,0.000194072
272,10406.3,1.24824,1.46043,0.01733,0.37287,0.27967,0.25757,0.14019,1.86233,2.76927,0.04055,0.000193246,0.000193246,0.000193246
273,10443.7,1.24907,1.4686,0.01693,0.36177,0.27938,0.25367,0.13837,1.86027,2.77595,0.04054,0.00019242,0.00019242,0.00019242
274,10481.4,1.2159,1.44768,0.01663,0.35974,0.27903,0.25627,0.14074,1.86087,2.77472,0.04066,0.000191595,0.000191595,0.000191595
275,10519.1,1.21326,1.45082,0.01631,0.36448,0.27857,0.25401,0.13952,1.85866,2.76368,0.04062,0.000190769,0.000190769,0.000190769
276,10556.6,1.23548,1.43984,0.01702,0.36305,0.27988,0.25575,0.14014,1.85853,2.77851,0.04064,0.000189943,0.000189943,0.000189943
277,10594.1,1.20809,1.46241,0.01609,0.37147,0.27912,0.25863,0.14164,1.84889,2.77915,0.04026,0.000189118,0.000189118,0.000189118
278,10631.4,1.23158,1.45109,0.01624,0.37642,0.27828,0.25446,0.13941,1.8645,2.79932,0.0407,0.000188292,0.000188292,0.000188292
279,10669.1,1.22249,1.44951,0.01644,0.36365,0.28547,0.25464,0.13887,1.86537,2.75257,0.04068,0.000187467,0.000187467,0.000187467
280,10706.8,1.20854,1.44769,0.0164,0.37699,0.27131,0.25533,0.14099,1.86265,2.77715,0.04058,0.000186641,0.000186641,0.000186641
281,10744.7,1.23289,1.44608,0.01666,0.37548,0.27213,0.2531,0.13739,1.85864,2.73837,0.04057,0.000185815,0.000185815,0.000185815
282,10782.4,1.23595,1.45883,0.01677,0.3486,0.28476,0.25234,0.13725,1.85815,2.76111,0.04053,0.00018499,0.00018499,0.00018499
283,10820,1.2154,1.42653,0.01628,0.36756,0.27844,0.25552,0.13911,1.85805,2.78055,0.04039,0.000184164,0.000184164,0.000184164
284,10857.8,1.21564,1.43634,0.01708,0.35926,0.28515,0.25581,0.14079,1.87219,2.81108,0.0409,0.000183338,0.000183338,0.000183338
285,10895.2,1.19018,1.42028,0.01636,0.37062,0.28118,0.25798,0.14108,1.86771,2.78719,0.04077,0.000182513,0.000182513,0.000182513
286,10932.6,1.21921,1.41742,0.01645,0.36668,0.27826,0.25401,0.1386,1.86473,2.77068,0.04069,0.000181687,0.000181687,0.000181687
287,10970.3,1.19213,1.38972,0.01637,0.36289,0.28096,0.25312,0.13868,1.85717,2.80924,0.0406,0.000180861,0.000180861,0.000180861
288,11007.8,1.22659,1.44628,0.01629,0.37121,0.27881,0.25449,0.13978,1.85874,2.75183,0.04061,0.000180036,0.000180036,0.000180036
289,11045.5,1.18715,1.38782,0.01607,0.36984,0.27999,0.2541,0.13971,1.85596,2.76511,0.04048,0.00017921,0.00017921,0.00017921
290,11082.9,1.21806,1.41286,0.01673,0.35806,0.28148,0.2524,0.13894,1.86205,2.7751,0.04069,0.000178384,0.000178384,0.000178384
291,11120.1,1.19411,1.39998,0.01619,0.37483,0.2741,0.25326,0.13937,1.86606,2.76104,0.04069,0.000177559,0.000177559,0.000177559
292,11158.2,1.22026,1.43077,0.01631,0.36348,0.27685,0.25384,0.13909,1.8748,2.78133,0.04098,0.000176733,0.000176733,0.000176733
293,11195.7,1.20151,1.37814,0.0158,0.35947,0.27761,0.25334,0.13969,1.87697,2.79758,0.04097,0.000175907,0.000175907,0.000175907
294,11233.2,1.19969,1.40447,0.01588,0.37114,0.28196,0.25781,0.14135,1.86607,2.7623,0.04066,0.000175082,0.000175082,0.000175082
295,11270.3,1.19696,1.40359,0.01622,0.38974,0.27986,0.25664,0.14011,1.86678,2.75717,0.04073,0.000174256,0.000174256,0.000174256
296,11308,1.20441,1.38139,0.01638,0.36665,0.28316,0.25483,0.13897,1.86774,2.79512,0.04074,0.00017343,0.00017343,0.00017343
297,11345.5,1.20379,1.38022,0.0159,0.38086,0.27957,0.25888,0.14053,1.86366,2.76305,0.04061,0.000172605,0.000172605,0.000172605
298,11383.1,1.19267,1.42083,0.01628,0.3662,0.27967,0.2558,0.13944,1.87857,2.7948,0.04106,0.000171779,0.000171779,0.000171779
299,11420.5,1.18878,1.38775,0.01597,0.36586,0.27991,0.25516,0.1393,1.86993,2.77274,0.04086,0.000170953,0.000170953,0.000170953
300,11457.7,1.19459,1.42162,0.01647,0.3734,0.2849,0.25851,0.1407,1.87316,2.78233,0.04091,0.000170128,0.000170128,0.000170128
301,11495.6,1.1729,1.39328,0.01583,0.37427,0.2777,0.25737,0.1406,1.86461,2.78276,0.04066,0.000169302,0.000169302,0.000169302
302,11533.2,1.20216,1.40537,0.01612,0.37297,0.27563,0.2538,0.13829,1.86813,2.80364,0.04083,0.000168476,0.000168476,0.000168476
303,11570.6,1.19923,1.38677,0.01573,0.36403,0.28258,0.25594,0.1383,1.86948,2.77004,0.04093,0.000167651,0.000167651,0.000167651
304,11608,1.1873,1.39977,0.01596,0.37671,0.2864,0.25941,0.14052,1.87304,2.79502,0.04094,0.000166825,0.000166825,0.000166825
305,11645.8,1.15676,1.3474,0.01604,0.37061,0.27801,0.25701,0.14023,1.87201,2.77281,0.04088,0.000165999,0.000165999,0.000165999
306,11683.4,1.19596,1.404,0.01605,0.36326,0.28595,0.25711,0.13993,1.8686,2.76727,0.04083,0.000165174,0.000165174,0.000165174
307,11721,1.17705,1.34988,0.01664,0.37284,0.28351,0.26376,0.14311,1.88214,2.7767,0.04128,0.000164348,0.000164348,0.000164348
308,11758.8,1.18808,1.39979,0.0161,0.37567,0.28344,0.26124,0.1429,1.87419,2.78309,0.04098,0.000163522,0.000163522,0.000163522
309,11796.4,1.19794,1.38283,0.01607,0.38481,0.2783,0.26027,0.14088,1.88298,2.76515,0.04119,0.000162697,0.000162697,0.000162697
310,11833.8,1.20514,1.38394,0.01602,0.3978,0.27105,0.25888,0.14034,1.88042,2.78633,0.04109,0.000161871,0.000161871,0.000161871
311,11871,1.19859,1.36989,0.01567,0.3771,0.28037,0.25939,0.14076,1.87078,2.78367,0.04075,0.000161045,0.000161045,0.000161045
312,11908.3,1.17463,1.3733,0.01589,0.37325,0.28355,0.26032,0.14219,1.87911,2.80001,0.04095,0.00016022,0.00016022,0.00016022
313,11945.7,1.15855,1.33613,0.01604,0.37684,0.28098,0.26028,0.1424,1.87126,2.78738,0.04076,0.000159394,0.000159394,0.000159394
314,11983.4,1.16639,1.36447,0.01553,0.36086,0.2876,0.25857,0.1405,1.87912,2.76998,0.04104,0.000158568,0.000158568,0.000158568
315,12020.5,1.19985,1.36052,0.01561,0.37173,0.28256,0.25975,0.14194,1.87929,2.78331,0.04108,0.000157743,0.000157743,0.000157743
316,12057.6,1.16374,1.31726,0.01594,0.37907,0.28387,0.2613,0.1425,1.88171,2.79655,0.04118,0.000156917,0.000156917,0.000156917
317,12094.7,1.17266,1.33046,0.01588,0.37539,0.27832,0.26179,0.14308,1.87645,2.80049,0.04104,0.000156091,0.000156091,0.000156091
318,12132.2,1.17545,1.33884,0.0159,0.39172,0.2788,0.26309,0.14487,1.87131,2.79523,0.04086,0.000155266,0.000155266,0.000155266
319,12170,1.18131,1.32602,0.01576,0.36956,0.28281,0.26161,0.14269,1.87473,2.78019,0.0409,0.00015444,0.00015444,0.00015444
320,12207.5,1.17115,1.33647,0.01628,0.36423,0.28232,0.26021,0.14248,1.87429,2.81393,0.04089,0.000153614,0.000153614,0.000153614
321,12245.3,1.17086,1.33127,0.01582,0.3662,0.28817,0.26184,0.14293,1.87327,2.77315,0.0409,0.000152789,0.000152789,0.000152789
322,12282.7,1.18272,1.3483,0.01545,0.36602,0.28157,0.25897,0.14251,1.87081,2.78883,0.04085,0.000151963,0.000151963,0.000151963
323,12320.3,1.17395,1.33022,0.01591,0.38281,0.27969,0.25561,0.14057,1.87258,2.79899,0.04088,0.000151137,0.000151137,0.000151137
324,12358,1.15097,1.30486,0.01546,0.36744,0.2822,0.26079,0.143,1.87541,2.81536,0.04091,0.000150312,0.000150312,0.000150312
325,12395.3,1.19201,1.34941,0.01598,0.37918,0.27868,0.25896,0.14207,1.86971,2.79666,0.04081,0.000149486,0.000149486,0.000149486
326,12432.7,1.14619,1.32578,0.0154,0.37983,0.27712,0.26011,0.142,1.8763,2.76771,0.04104,0.00014866,0.00014866,0.00014866
327,12470.3,1.16418,1.31703,0.01545,0.37669,0.28193,0.26209,0.14418,1.87049,2.79411,0.04085,0.000147835,0.000147835,0.000147835
328,12507.7,1.14282,1.29896,0.0155,0.38082,0.28222,0.26179,0.14313,1.87191,2.81003,0.04083,0.000147009,0.000147009,0.000147009
329,12545.7,1.17262,1.29367,0.0156,0.37919,0.27943,0.25992,0.14223,1.87898,2.80957,0.04106,0.000146184,0.000146184,0.000146184
330,12583.1,1.17246,1.3033,0.01586,0.38203,0.27817,0.25837,0.14277,1.88631,2.82684,0.04121,0.000145358,0.000145358,0.000145358
331,12620.7,1.15066,1.27957,0.01574,0.38234,0.27725,0.25729,0.14173,1.87824,2.81551,0.041,0.000144532,0.000144532,0.000144532
332,12658,1.16394,1.31898,0.01527,0.37775,0.27848,0.25785,0.14182,1.87585,2.7938,0.041,0.000143707,0.000143707,0.000143707
333,12695.3,1.15211,1.29407,0.01514,0.39419,0.27629,0.25997,0.14299,1.88051,2.80101,0.0411,0.000142881,0.000142881,0.000142881
334,12733,1.14307,1.30981,0.01504,0.37985,0.28316,0.26148,0.14412,1.87411,2.80982,0.04096,0.000142055,0.000142055,0.000142055
335,12770.6,1.15691,1.317,0.01582,0.37945,0.28032,0.26148,0.14436,1.87697,2.81876,0.04108,0.00014123,0.00014123,0.00014123
336,12808.1,1.14069,1.26046,0.01547,0.38529,0.27698,0.25922,0.14274,1.88279,2.82521,0.04119,0.000140404,0.000140404,0.000140404
337,12845.3,1.16648,1.32144,0.01544,0.39259,0.27673,0.2596,0.14238,1.87685,2.79802,0.04098,0.000139578,0.000139578,0.000139578
338,12883,1.14733,1.30235,0.01535,0.39939,0.27218,0.26157,0.14412,1.87331,2.79189,0.04088,0.000138753,0.000138753,0.000138753
339,12920.5,1.15385,1.31911,0.01589,0.38142,0.28345,0.26107,0.14304,1.881,2.79645,0.0411,0.000137927,0.000137927,0.000137927
340,12957.9,1.14028,1.28564,0.01519,0.3927,0.2749,0.26176,0.1439,1.89172,2.79418,0.0414,0.000137101,0.000137101,0.000137101
341,12995.3,1.13318,1.28206,0.01508,0.37725,0.28363,0.26155,0.14474,1.88694,2.80691,0.04126,0.000136276,0.000136276,0.000136276
342,13032.9,1.14893,1.29595,0.01574,0.3935,0.2813,0.26254,0.14573,1.89434,2.82536,0.04152,0.00013545,0.00013545,0.00013545
343,13070.5,1.14343,1.28348,0.01561,0.38982,0.2782,0.26119,0.144,1.89074,2.81149,0.04138,0.000134624,0.000134624,0.000134624
344,13107.6,1.16759,1.35147,0.0154,0.38872,0.28016,0.26289,0.14442,1.88912,2.8222,0.04135,0.000133799,0.000133799,0.000133799
345,13144.9,1.14952,1.29885,0.01524,0.37635,0.28112,0.26029,0.14232,1.8874,2.82384,0.04129,0.000132973,0.000132973,0.000132973
346,13182.4,1.13231,1.27758,0.01502,0.36314,0.29331,0.26192,0.14379,1.88621,2.81844,0.04121,0.000132147,0.000132147,0.000132147
347,13219.6,1.13401,1.26189,0.01493,0.3747,0.2868,0.26126,0.14326,1.88869,2.82675,0.04125,0.000131322,0.000131322,0.000131322
348,13257.6,1.14129,1.2922,0.01559,0.37259,0.2887,0.26253,0.1447,1.8795,2.78971,0.04108,0.000130496,0.000130496,0.000130496
349,13295.3,1.101,1.23988,0.01447,0.38176,0.28106,0.26348,0.14481,1.88415,2.79495,0.04116,0.00012967,0.00012967,0.00012967
350,13332.5,1.13467,1.28479,0.0152,0.38663,0.28181,0.26444,0.14417,1.88978,2.79748,0.04135,0.000128845,0.000128845,0.000128845
351,13370,1.14744,1.29397,0.01488,0.39187,0.27888,0.26267,0.14394,1.88913,2.80704,0.04131,0.000128019,0.000128019,0.000128019
352,13407.2,1.12176,1.27883,0.01511,0.37972,0.28223,0.26457,0.14505,1.88909,2.81505,0.04133,0.000127193,0.000127193,0.000127193
353,13444.5,1.1572,1.29543,0.01512,0.39228,0.27753,0.26555,0.14637,1.88867,2.80677,0.04124,0.000126368,0.000126368,0.000126368
354,13482.2,1.1367,1.23313,0.01536,0.38839,0.27831,0.26351,0.14537,1.88498,2.80521,0.04109,0.000125542,0.000125542,0.000125542
355,13519.5,1.11474,1.26027,0.01468,0.37126,0.28737,0.26496,0.14656,1.8846,2.82137,0.04111,0.000124716,0.000124716,0.000124716
356,13557,1.13774,1.26887,0.01545,0.36725,0.28785,0.2634,0.14457,1.88735,2.8084,0.04118,0.000123891,0.000123891,0.000123891
357,13594.7,1.12046,1.24343,0.01518,0.38287,0.28777,0.26658,0.14594,1.89153,2.80073,0.0413,0.000123065,0.000123065,0.000123065
358,13632.2,1.12837,1.25051,0.01432,0.38186,0.27959,0.26392,0.14527,1.8954,2.8191,0.04139,0.000122239,0.000122239,0.000122239
359,13669.2,1.10794,1.26221,0.01483,0.39247,0.28143,0.2668,0.1476,1.88406,2.82037,0.04116,0.000121414,0.000121414,0.000121414
360,13707.2,1.127,1.28136,0.01506,0.39232,0.28661,0.26724,0.14736,1.888,2.82219,0.04126,0.000120588,0.000120588,0.000120588
361,13744.6,1.12472,1.22696,0.01474,0.39613,0.28382,0.26826,0.14779,1.87956,2.79985,0.04101,0.000119762,0.000119762,0.000119762
362,13782.1,1.12023,1.2386,0.01496,0.38961,0.28528,0.26766,0.14769,1.88493,2.81505,0.04111,0.000118937,0.000118937,0.000118937
363,13819.8,1.15447,1.26329,0.0152,0.37574,0.28981,0.26647,0.14696,1.89226,2.82435,0.04132,0.000118111,0.000118111,0.000118111
364,13857.6,1.13541,1.26135,0.01498,0.37699,0.28965,0.26576,0.14726,1.89281,2.83051,0.0413,0.000117285,0.000117285,0.000117285
365,13895.5,1.08901,1.20892,0.01556,0.38209,0.28207,0.26345,0.14594,1.89459,2.84923,0.04136,0.00011646,0.00011646,0.00011646
366,13932.9,1.12295,1.24533,0.01465,0.40343,0.27886,0.2668,0.1478,1.888,2.81427,0.04117,0.000115634,0.000115634,0.000115634
367,13970.6,1.11514,1.24464,0.01491,0.39828,0.27917,0.26526,0.1473,1.89253,2.82647,0.04129,0.000114808,0.000114808,0.000114808
368,14007.9,1.10765,1.21372,0.01486,0.39,0.28077,0.2644,0.14621,1.89613,2.8171,0.04138,0.000113983,0.000113983,0.000113983
369,14045.5,1.10696,1.23443,0.01444,0.40514,0.2785,0.26418,0.14615,1.90067,2.81628,0.04147,0.000113157,0.000113157,0.000113157
370,14083.2,1.09435,1.22242,0.01424,0.38078,0.28559,0.26399,0.14605,1.89236,2.83318,0.04129,0.000112331,0.000112331,0.000112331
371,14120.6,1.11417,1.26303,0.01522,0.3938,0.28288,0.26434,0.14566,1.8933,2.83087,0.04131,0.000111506,0.000111506,0.000111506
372,14158,1.1073,1.23062,0.0146,0.38787,0.28406,0.26299,0.14564,1.89166,2.84858,0.04124,0.00011068,0.00011068,0.00011068
373,14195.4,1.13467,1.23646,0.01493,0.38475,0.28633,0.26586,0.14658,1.88592,2.83423,0.04116,0.000109854,0.000109854,0.000109854
374,14232.7,1.09435,1.20657,0.01483,0.37731,0.2846,0.26626,0.14691,1.88795,2.83317,0.04117,0.000109029,0.000109029,0.000109029
375,14270.4,1.11011,1.22575,0.01453,0.3793,0.28654,0.26625,0.14656,1.8884,2.83383,0.04117,0.000108203,0.000108203,0.000108203
376,14307.8,1.11593,1.22813,0.01474,0.4039,0.27351,0.26525,0.14591,1.89125,2.82183,0.04126,0.000107378,0.000107378,0.000107378
377,14344.9,1.09322,1.23499,0.01457,0.39552,0.27681,0.26415,0.14569,1.89011,2.83685,0.04124,0.000106552,0.000106552,0.000106552
378,14382.6,1.11655,1.20295,0.01463,0.38679,0.28616,0.26392,0.14627,1.89067,2.8304,0.04126,0.000105726,0.000105726,0.000105726
379,14420.2,1.0966,1.19582,0.01441,0.39361,0.28025,0.26551,0.1469,1.88726,2.83426,0.04117,0.000104901,0.000104901,0.000104901
380,14457.9,1.10353,1.20529,0.01496,0.40317,0.27871,0.26607,0.14747,1.89183,2.8373,0.04134,0.000104075,0.000104075,0.000104075
381,14495.7,1.10374,1.21224,0.01483,0.3893,0.28337,0.26433,0.14582,1.89242,2.8278,0.04139,0.000103249,0.000103249,0.000103249
382,14533.6,1.08472,1.22469,0.01437,0.37762,0.27974,0.26461,0.1466,1.89462,2.83958,0.04137,0.000102424,0.000102424,0.000102424
383,14571.6,1.07485,1.20781,0.01426,0.38117,0.28074,0.26539,0.14674,1.89846,2.84418,0.04151,0.000101598,0.000101598,0.000101598
384,14612.1,1.07573,1.21877,0.01442,0.3794,0.28501,0.26487,0.14641,1.89561,2.84675,0.04143,0.000100772,0.000100772,0.000100772
385,14679.3,1.10616,1.21317,0.01476,0.40068,0.27628,0.26604,0.14731,1.89155,2.84301,0.04138,9.99466e-05,9.99466e-05,9.99466e-05
386,14744.9,1.10283,1.23083,0.01502,0.38851,0.28998,0.26612,0.14739,1.88756,2.83051,0.04125,9.91209e-05,9.91209e-05,9.91209e-05
387,14796,1.11789,1.20738,0.01487,0.39121,0.28273,0.26731,0.14816,1.89095,2.83139,0.04133,9.82952e-05,9.82952e-05,9.82952e-05
388,14888.8,1.0946,1.1668,0.01445,0.3961,0.28361,0.26697,0.14754,1.89672,2.82486,0.04147,9.74696e-05,9.74696e-05,9.74696e-05
389,14980,1.10811,1.22312,0.01469,0.3928,0.28247,0.26448,0.14558,1.89884,2.84617,0.04151,9.66439e-05,9.66439e-05,9.66439e-05
390,15073.7,1.10211,1.20082,0.01435,0.38768,0.28409,0.26603,0.14654,1.89661,2.83657,0.04143,9.58183e-05,9.58183e-05,9.58183e-05
391,15166.1,1.11535,1.21922,0.01437,0.39572,0.2832,0.26733,0.14713,1.89563,2.83554,0.04148,9.49926e-05,9.49926e-05,9.49926e-05
392,15256.8,1.08514,1.18982,0.01438,0.39304,0.28433,0.26893,0.14753,1.89298,2.82408,0.04137,9.41669e-05,9.41669e-05,9.41669e-05
393,15347.9,1.08919,1.18752,0.0142,0.39898,0.28338,0.2705,0.14925,1.88772,2.81389,0.04121,9.33413e-05,9.33413e-05,9.33413e-05
394,15438.5,1.08905,1.19156,0.01429,0.38942,0.28614,0.26943,0.14953,1.88729,2.83122,0.04118,9.25156e-05,9.25156e-05,9.25156e-05
395,15524.4,1.08422,1.19221,0.0143,0.39206,0.28268,0.26965,0.14963,1.89127,2.8289,0.04125,9.169e-05,9.169e-05,9.169e-05
396,15608.7,1.08873,1.17464,0.01415,0.40462,0.27927,0.2671,0.14769,1.89167,2.81953,0.04129,9.08643e-05,9.08643e-05,9.08643e-05
397,15698.2,1.09127,1.16245,0.01441,0.38696,0.28785,0.26963,0.14864,1.8941,2.81328,0.04132,9.00386e-05,9.00386e-05,9.00386e-05
398,15787.8,1.07623,1.16363,0.01408,0.39389,0.28439,0.26937,0.14766,1.89588,2.8223,0.04143,8.9213e-05,8.9213e-05,8.9213e-05
399,15877.9,1.09936,1.19564,0.01436,0.39233,0.28546,0.2678,0.1476,1.89356,2.83239,0.04137,8.83873e-05,8.83873e-05,8.83873e-05
400,15968.1,1.10093,1.21857,0.01444,0.3881,0.28805,0.26943,0.14942,1.89126,2.83281,0.04131,8.75617e-05,8.75617e-05,8.75617e-05
401,16059.3,1.09758,1.20469,0.01381,0.40671,0.27937,0.26751,0.14785,1.89521,2.83569,0.04136,8.6736e-05,8.6736e-05,8.6736e-05
402,16136.2,1.08648,1.20027,0.01477,0.39851,0.28544,0.2691,0.1494,1.88919,2.83356,0.04122,8.59103e-05,8.59103e-05,8.59103e-05
403,16224.1,1.09054,1.18219,0.01407,0.39738,0.28704,0.26806,0.14876,1.89051,2.8485,0.04124,8.50847e-05,8.50847e-05,8.50847e-05
404,16315.1,1.08294,1.17879,0.01442,0.39306,0.28573,0.26751,0.14796,1.89121,2.84728,0.04127,8.4259e-05,8.4259e-05,8.4259e-05
405,16404.2,1.06732,1.1725,0.01426,0.38642,0.28663,0.26741,0.14785,1.89138,2.8407,0.04129,8.34334e-05,8.34334e-05,8.34334e-05
406,16494.9,1.0632,1.15296,0.01415,0.39034,0.28732,0.26679,0.14805,1.89574,2.84429,0.04136,8.26077e-05,8.26077e-05,8.26077e-05
407,16585.5,1.08474,1.18552,0.01409,0.39164,0.2853,0.26693,0.14819,1.89354,2.84394,0.04128,8.1782e-05,8.1782e-05,8.1782e-05
408,16667.2,1.07497,1.18569,0.01431,0.39915,0.28081,0.26767,0.14805,1.89498,2.85199,0.04133,8.09564e-05,8.09564e-05,8.09564e-05
409,16750.6,1.0829,1.17155,0.01399,0.39768,0.283,0.2661,0.14728,1.90188,2.86253,0.04156,8.01307e-05,8.01307e-05,8.01307e-05
410,16840.3,1.0757,1.16836,0.01382,0.39313,0.28265,0.26685,0.14733,1.90086,2.84925,0.0415,7.93051e-05,7.93051e-05,7.93051e-05
411,16930.4,1.07993,1.17699,0.01411,0.39717,0.28268,0.26621,0.14636,1.89947,2.84777,0.04152,7.84794e-05,7.84794e-05,7.84794e-05
412,17021.2,1.06326,1.15664,0.01406,0.38663,0.28537,0.26432,0.1463,1.90335,2.85254,0.04166,7.76537e-05,7.76537e-05,7.76537e-05
413,17112.5,1.08761,1.17449,0.01423,0.40642,0.27955,0.26715,0.14852,1.90007,2.85556,0.04158,7.68281e-05,7.68281e-05,7.68281e-05
414,17200.2,1.02573,1.14923,0.01403,0.40159,0.28224,0.26741,0.14846,1.89913,2.84548,0.0415,7.60024e-05,7.60024e-05,7.60024e-05
415,17279.1,1.07892,1.15822,0.01366,0.39972,0.27834,0.26627,0.14727,1.8999,2.84899,0.0415,7.51768e-05,7.51768e-05,7.51768e-05
416,17368.8,1.06303,1.15626,0.01413,0.40226,0.28245,0.26634,0.14767,1.9017,2.85629,0.04153,7.43511e-05,7.43511e-05,7.43511e-05
417,17459.3,1.07153,1.13949,0.01389,0.39903,0.28129,0.26731,0.14868,1.9037,2.85242,0.04154,7.35254e-05,7.35254e-05,7.35254e-05
418,17548.7,1.07649,1.15384,0.01357,0.3962,0.2813,0.26639,0.14806,1.90351,2.85345,0.04158,7.26998e-05,7.26998e-05,7.26998e-05
419,17638.7,1.07374,1.17992,0.01414,0.40492,0.28121,0.26663,0.14824,1.90249,2.86049,0.04152,7.18741e-05,7.18741e-05,7.18741e-05
420,17730.5,1.07097,1.16126,0.01402,0.38683,0.28831,0.26861,0.14983,1.89945,2.8582,0.04148,7.10485e-05,7.10485e-05,7.10485e-05
421,17809,1.07132,1.14785,0.01399,0.40604,0.28147,0.26859,0.14944,1.90182,2.84593,0.04158,7.02228e-05,7.02228e-05,7.02228e-05
422,17894.5,1.08172,1.16969,0.01418,0.39612,0.28518,0.26945,0.14998,1.90229,2.84549,0.0416,6.93971e-05,6.93971e-05,6.93971e-05
423,17984.5,1.06174,1.15568,0.01393,0.40645,0.27951,0.26852,0.14942,1.90162,2.84688,0.04158,6.85715e-05,6.85715e-05,6.85715e-05
424,18073.4,1.06061,1.17079,0.01396,0.4054,0.27733,0.26813,0.14909,1.89671,2.84631,0.04145,6.77458e-05,6.77458e-05,6.77458e-05
425,18163.4,1.06026,1.15091,0.0139,0.3984,0.28181,0.26718,0.14908,1.90074,2.85259,0.04158,6.69202e-05,6.69202e-05,6.69202e-05
426,18253.5,1.04593,1.15131,0.01389,0.40101,0.27636,0.26734,0.14944,1.89467,2.8658,0.04137,6.60945e-05,6.60945e-05,6.60945e-05
427,18331.2,1.07433,1.15592,0.0139,0.40808,0.2758,0.26664,0.14866,1.89813,2.86254,0.04147,6.52688e-05,6.52688e-05,6.52688e-05
428,18416.8,1.04173,1.15216,0.01356,0.40518,0.27642,0.26604,0.14808,1.89712,2.86907,0.04147,6.44432e-05,6.44432e-05,6.44432e-05
429,18507.2,1.06668,1.15634,0.01351,0.42391,0.27236,0.26729,0.14872,1.89787,2.86867,0.04151,6.36175e-05,6.36175e-05,6.36175e-05
430,18596.7,1.05708,1.12747,0.01399,0.40515,0.27893,0.26758,0.14836,1.90215,2.86813,0.0416,6.27919e-05,6.27919e-05,6.27919e-05
431,18686.9,1.05558,1.14684,0.0134,0.40524,0.27935,0.26751,0.14841,1.90238,2.86858,0.0416,6.19662e-05,6.19662e-05,6.19662e-05
432,18776.9,1.07664,1.12942,0.01384,0.4012,0.28275,0.26697,0.14841,1.90173,2.86882,0.04158,6.11405e-05,6.11405e-05,6.11405e-05
433,18855.7,1.07125,1.15781,0.01417,0.40023,0.28086,0.26694,0.14899,1.90166,2.87664,0.04164,6.03149e-05,6.03149e-05,6.03149e-05
434,18940.9,1.07122,1.17806,0.01391,0.41061,0.27541,0.26663,0.14877,1.90468,2.87125,0.04171,5.94892e-05,5.94892e-05,5.94892e-05
435,19030.8,1.06911,1.13341,0.01385,0.40727,0.27668,0.26651,0.14821,1.90723,2.87123,0.04176,5.86636e-05,5.86636e-05,5.86636e-05
436,19119.9,1.04228,1.13026,0.01373,0.40458,0.27831,0.26614,0.1479,1.90425,2.86953,0.04165,5.78379e-05,5.78379e-05,5.78379e-05
437,19209.4,1.03724,1.12792,0.01333,0.39401,0.28333,0.26561,0.14776,1.90511,2.86674,0.04165,5.70122e-05,5.70122e-05,5.70122e-05
438,19298.9,1.04762,1.12699,0.01415,0.39887,0.27732,0.26557,0.14752,1.90255,2.86488,0.04159,5.61866e-05,5.61866e-05,5.61866e-05
439,19377.1,1.06209,1.11093,0.01384,0.39598,0.28055,0.26596,0.14707,1.90912,2.86943,0.04176,5.53609e-05,5.53609e-05,5.53609e-05
440,19463.7,1.07236,1.13026,0.01375,0.39128,0.28263,0.26671,0.14804,1.90775,2.86264,0.04168,5.45353e-05,5.45353e-05,5.45353e-05
441,19553.9,1.06066,1.15429,0.01423,0.38624,0.28593,0.26671,0.14824,1.90533,2.87161,0.04163,5.37096e-05,5.37096e-05,5.37096e-05
442,19643,1.05079,1.11145,0.01393,0.3895,0.2847,0.26682,0.14797,1.90236,2.8732,0.04159,5.28839e-05,5.28839e-05,5.28839e-05
443,19733.8,1.05025,1.14079,0.01404,0.38891,0.28387,0.26535,0.14716,1.9074,2.86707,0.04177,5.20583e-05,5.20583e-05,5.20583e-05
444,19824.3,1.03282,1.09476,0.01358,0.38029,0.2853,0.26467,0.14654,1.91077,2.87096,0.04185,5.12326e-05,5.12326e-05,5.12326e-05
445,19903,1.06225,1.14241,0.01403,0.39048,0.28269,0.26589,0.14751,1.90886,2.86592,0.04179,5.0407e-05,5.0407e-05,5.0407e-05
446,19987.6,1.05211,1.12344,0.01377,0.39527,0.28331,0.2672,0.14804,1.90735,2.86563,0.04171,4.95813e-05,4.95813e-05,4.95813e-05
447,20077.4,1.03912,1.08813,0.01394,0.39564,0.28452,0.2679,0.14851,1.90254,2.85815,0.04159,4.87556e-05,4.87556e-05,4.87556e-05
448,20167.5,1.0343,1.11119,0.01414,0.39204,0.28769,0.26862,0.14898,1.90382,2.86421,0.04164,4.793e-05,4.793e-05,4.793e-05
449,20257.4,1.02236,1.11804,0.01348,0.3894,0.28795,0.26788,0.14859,1.90836,2.86937,0.04173,4.71043e-05,4.71043e-05,4.71043e-05
450,20348.7,1.06514,1.15685,0.01363,0.39603,0.28589,0.2675,0.14861,1.90875,2.87013,0.04173,4.62787e-05,4.62787e-05,4.62787e-05
451,20430.5,1.04276,1.11688,0.01352,0.3959,0.28306,0.26641,0.14805,1.91163,2.87386,0.04178,4.5453e-05,4.5453e-05,4.5453e-05
452,20513.5,1.05253,1.11643,0.01404,0.40099,0.28219,0.2672,0.14852,1.91327,2.87708,0.04185,4.46273e-05,4.46273e-05,4.46273e-05
453,20602.5,1.04187,1.11923,0.01348,0.40199,0.2787,0.26645,0.14815,1.91412,2.87773,0.04187,4.38017e-05,4.38017e-05,4.38017e-05
454,20692.3,1.04731,1.14403,0.01319,0.39524,0.28207,0.26576,0.14734,1.91282,2.88137,0.04183,4.2976e-05,4.2976e-05,4.2976e-05
455,20781.4,1.05625,1.10645,0.01329,0.39297,0.2834,0.26633,0.14776,1.91091,2.8862,0.04179,4.21504e-05,4.21504e-05,4.21504e-05
456,20871.9,1.05061,1.13364,0.01377,0.40442,0.27843,0.26687,0.14788,1.91014,2.88521,0.04179,4.13247e-05,4.13247e-05,4.13247e-05
457,20952.1,1.06263,1.12065,0.01346,0.40249,0.27927,0.26634,0.14776,1.91278,2.88017,0.04183,4.0499e-05,4.0499e-05,4.0499e-05
458,21036.3,1.03788,1.12618,0.0136,0.40063,0.28225,0.26648,0.14812,1.91239,2.87982,0.04184,3.96734e-05,3.96734e-05,3.96734e-05
459,21124.9,1.02701,1.12541,0.01344,0.39392,0.28643,0.26755,0.14824,1.91288,2.87171,0.04185,3.88477e-05,3.88477e-05,3.88477e-05
460,21213.7,1.06346,1.15046,0.01368,0.40067,0.28664,0.26843,0.14892,1.91137,2.87296,0.04181,3.80221e-05,3.80221e-05,3.80221e-05
461,21303.1,1.03908,1.13729,0.01407,0.4046,0.28246,0.26844,0.14901,1.91041,2.86861,0.04176,3.71964e-05,3.71964e-05,3.71964e-05
462,21394.6,1.03311,1.11561,0.01363,0.41152,0.28076,0.26811,0.14914,1.90893,2.87409,0.04172,3.63707e-05,3.63707e-05,3.63707e-05
463,21475.1,1.05525,1.15693,0.01316,0.41508,0.2808,0.26802,0.1493,1.91044,2.87112,0.04177,3.55451e-05,3.55451e-05,3.55451e-05
464,21559,1.04424,1.08623,0.01353,0.41331,0.28038,0.26763,0.14901,1.91003,2.87435,0.04173,3.47194e-05,3.47194e-05,3.47194e-05
465,21647.6,1.05063,1.10851,0.01391,0.41059,0.27911,0.26763,0.14915,1.90858,2.87163,0.04165,3.38938e-05,3.38938e-05,3.38938e-05
466,21736.9,1.03457,1.10858,0.01392,0.41264,0.27866,0.26781,0.14911,1.90815,2.87711,0.04166,3.30681e-05,3.30681e-05,3.30681e-05
467,21826.4,1.04677,1.1304,0.01359,0.40863,0.27803,0.2673,0.14902,1.90798,2.87855,0.0417,3.22424e-05,3.22424e-05,3.22424e-05
468,21917,1.03942,1.10343,0.01323,0.40241,0.28127,0.26806,0.14923,1.90741,2.87266,0.04169,3.14168e-05,3.14168e-05,3.14168e-05
469,21999.4,1.04523,1.14364,0.01362,0.40398,0.28316,0.26823,0.14926,1.90767,2.87216,0.0417,3.05911e-05,3.05911e-05,3.05911e-05
470,22081.5,1.03877,1.10617,0.01354,0.40689,0.28079,0.26883,0.14936,1.90896,2.87099,0.04175,2.97655e-05,2.97655e-05,2.97655e-05
471,22170.9,1.02437,1.10486,0.01364,0.40711,0.28174,0.26871,0.14922,1.90936,2.86763,0.04177,2.89398e-05,2.89398e-05,2.89398e-05
472,22260.5,1.0347,1.09734,0.01402,0.40605,0.28155,0.26898,0.14942,1.91182,2.86782,0.04184,2.81141e-05,2.81141e-05,2.81141e-05
473,22351.1,1.03062,1.09908,0.01378,0.40716,0.28138,0.2692,0.14967,1.91246,2.87292,0.04185,2.72885e-05,2.72885e-05,2.72885e-05
474,22441.2,1.04328,1.10556,0.01327,0.40684,0.28291,0.26912,0.14932,1.91144,2.87489,0.04179,2.64628e-05,2.64628e-05,2.64628e-05
475,22526.1,1.00854,1.08152,0.01313,0.40609,0.28234,0.26834,0.14916,1.91108,2.87673,0.04175,2.56372e-05,2.56372e-05,2.56372e-05
476,22606.9,1.01928,1.08596,0.01336,0.41098,0.2788,0.26816,0.14929,1.91121,2.88017,0.04176,2.48115e-05,2.48115e-05,2.48115e-05
477,22696,1.0422,1.09591,0.01344,0.40832,0.27929,0.26776,0.14917,1.91177,2.88312,0.04176,2.39858e-05,2.39858e-05,2.39858e-05
478,22784.6,1.02292,1.09971,0.01305,0.40563,0.28012,0.26751,0.14887,1.91367,2.87829,0.04182,2.31602e-05,2.31602e-05,2.31602e-05
479,22873.7,1.0521,1.10267,0.01351,0.39864,0.28178,0.26783,0.14923,1.90968,2.88247,0.04173,2.23345e-05,2.23345e-05,2.23345e-05
480,22963.9,1.03915,1.089,0.01332,0.40517,0.28104,0.26798,0.14926,1.90776,2.88153,0.04168,2.15089e-05,2.15089e-05,2.15089e-05
481,23047.5,1.05601,1.12151,0.01345,0.39781,0.2836,0.26817,0.14941,1.90821,2.88735,0.04168,2.06832e-05,2.06832e-05,2.06832e-05
482,23128.5,1.01146,1.08082,0.01335,0.40089,0.28463,0.26855,0.14932,1.91041,2.87987,0.04175,1.98575e-05,1.98575e-05,1.98575e-05
483,23218.4,1.04357,1.1117,0.01343,0.4025,0.28307,0.26853,0.14909,1.91031,2.87769,0.04175,1.90319e-05,1.90319e-05,1.90319e-05
484,23308,1.03447,1.09573,0.01338,0.40491,0.28249,0.26814,0.14893,1.90878,2.88135,0.04169,1.82062e-05,1.82062e-05,1.82062e-05
485,23398.5,1.03314,1.08821,0.01335,0.39957,0.28246,0.26851,0.14926,1.91022,2.8812,0.04174,1.73806e-05,1.73806e-05,1.73806e-05
486,23488.6,1.00116,1.08878,0.01325,0.4064,0.27944,0.26836,0.14922,1.91108,2.88393,0.04176,1.65549e-05,1.65549e-05,1.65549e-05
487,23577.5,1.02553,1.13348,0.01324,0.40985,0.27702,0.26803,0.14901,1.91098,2.88586,0.04177,1.57292e-05,1.57292e-05,1.57292e-05
488,23654.7,1.01972,1.09361,0.01332,0.41498,0.27563,0.26826,0.14903,1.90947,2.88667,0.04171,1.49036e-05,1.49036e-05,1.49036e-05
489,23742.4,1.02441,1.11927,0.01352,0.40441,0.28139,0.26829,0.14904,1.90863,2.88979,0.04168,1.40779e-05,1.40779e-05,1.40779e-05
490,23831.5,1.00987,1.09239,0.0134,0.40752,0.28039,0.26818,0.14907,1.9081,2.88908,0.0417,1.32523e-05,1.32523e-05,1.32523e-05
491,23924.5,1.05004,0.96796,0.01844,0.40129,0.27937,0.26638,0.14766,1.91358,2.86738,0.04185,1.24266e-05,1.24266e-05,1.24266e-05
492,24014.4,1.02405,0.94145,0.01643,0.38599,0.28808,0.2629,0.14493,1.91784,2.86302,0.04199,1.16009e-05,1.16009e-05,1.16009e-05
493,24104.7,0.99141,0.88659,0.01639,0.38411,0.28507,0.26022,0.14304,1.92362,2.85985,0.04213,1.07753e-05,1.07753e-05,1.07753e-05
494,24184.8,0.956,0.83515,0.01569,0.38445,0.27868,0.25813,0.14124,1.92664,2.86086,0.04224,9.94962e-06,9.94962e-06,9.94962e-06
495,24267.7,1.00126,0.86217,0.01646,0.38984,0.27411,0.25562,0.13979,1.93283,2.85921,0.04241,9.12396e-06,9.12396e-06,9.12396e-06
496,24357.9,0.97375,0.84769,0.01683,0.37805,0.27556,0.2541,0.13909,1.93422,2.86392,0.04245,8.2983e-06,8.2983e-06,8.2983e-06
497,24447.3,0.96081,0.82813,0.01587,0.38162,0.27644,0.25439,0.13927,1.93493,2.86378,0.04249,7.47264e-06,7.47264e-06,7.47264e-06
498,24536.9,0.95501,0.81512,0.01605,0.38695,0.2746,0.25469,0.13954,1.93488,2.8678,0.04248,6.64698e-06,6.64698e-06,6.64698e-06
499,24626.6,0.96737,0.80969,0.01615,0.37407,0.28106,0.25513,0.13974,1.93651,2.86592,0.04252,5.82132e-06,5.82132e-06,5.82132e-06
500,24710,0.94602,0.80198,0.01607,0.37236,0.28164,0.25535,0.13979,1.93564,2.87046,0.04249,4.99566e-06,4.99566e-06,4.99566e-06
